user1,password1,member,
user2,password2,member,
user3,password3,member,
user4,password4,member,
user5,password5,member,
user6,password6,member,
user7,password7,member,
user8,password8,member,
user9,password9,member,
user10,password10,librarian,
user11,password11,member,
user12,password12,member,
user13,password13,member,
user14,password14,member,
user15,password15,member,
user16,password16,member,
user17,password17,member,
user18,password18,member,
user19,password19,member,
user20,password20,librarian,
user21,password21,member,
user22,password22,member,
user23,password23,member,
user24,password24,member,
user25,password25,member,
user26,password26,member,
user27,password27,member,
user28,password28,member,
user29,password29,member,
user30,password30,librarian,
user31,password31,member,
user32,password32,member,
user33,password33,member,
user34,password34,member,
user35,password35,member,
user36,password36,member,
user37,password37,member,
user38,password38,member,
user39,password39,member,
user40,password40,librarian,
user41,password41,member,
user42,password42,member,
user43,password43,member,
user44,password44,member,
user45,password45,member,
user46,password46,member,
user47,password47,member,
user48,password48,member,
user49,password49,member,
user50,password50,librarian,
user51,password51,member,
user52,password52,member,
user53,password53,member,
user54,password54,member,
user55,password55,member,
user56,password56,member,
user57,password57,member,
user58,password58,member,
user59,password59,member,
user60,password60,librarian,
user61,password61,member,
user62,password62,member,
user63,password63,member,
user64,password64,member,
user65,password65,member,
user66,password66,member,
user67,password67,member,
user68,password68,member,
user69,password69,member,
user70,password70,librarian,
user71,password71,member,
user72,password72,member,
user73,password73,member,
user74,password74,member,
user75,password75,member,
user76,password76,member,
user77,password77,member,
user78,password78,member,
user79,password79,member,
user80,password80,librarian,
user81,password81,member,
user82,password82,member,
user83,password83,member,
user84,password84,member,
user85,password85,member,
user86,password86,member,
user87,password87,member,
user88,password88,member,
user89,password89,member,
user90,password90,librarian,
user91,password91,member,
user92,password92,member,
user93,password93,member,
user94,password94,member,
user95,password95,member,
user96,password96,member,
user97,password97,member,
user98,password98,member,
user99,password99,member,
user100,password100,librarian,
user101,password101,member,
user102,password102,member,
user103,password103,member,
user104,password104,member,
user105,password105,member,
user106,password106,member,
user107,password107,member,
user108,password108,member,
user109,password109,member,
user110,password110,librarian,
user111,password111,member,
user112,password112,member,
user113,password113,member,
user114,password114,member,
user115,password115,member,
user116,password116,member,
user117,password117,member,
user118,password118,member,
user119,password119,member,
user120,password120,librarian,
user121,password121,member,
user122,password122,member,
user123,password123,member,
user124,password124,member,
user125,password125,member,
user126,password126,member,
user127,password127,member,
user128,password128,member,
user129,password129,member,
user130,password130,librarian,
user131,password131,member,
user132,password132,member,
user133,password133,member,
user134,password134,member,
user135,password135,member,
user136,password136,member,
user137,password137,member,
user138,password138,member,
user139,password139,member,
user140,password140,librarian,
user141,password141,member,
user142,password142,member,
user143,password143,member,
user144,password144,member,
user145,password145,member,
user146,password146,member,
user147,password147,member,
user148,password148,member,
user149,password149,member,
user150,password150,librarian,
user151,password151,member,
user152,password152,member,
user153,password153,member,
user154,password154,member,
user155,password155,member,
user156,password156,member,
user157,password157,member,
user158,password158,member,
user159,password159,member,
user160,password160,librarian,
user161,password161,member,
user162,password162,member,
user163,password163,member,
user164,password164,member,
user165,password165,member,
user166,password166,member,
user167,password167,member,
user168,password168,member,
user169,password169,member,
user170,password170,librarian,
user171,password171,member,
user172,password172,member,
user173,password173,member,
user174,password174,member,
user175,password175,member,
user176,password176,member,
user177,password177,member,
user178,password178,member,
user179,password179,member,
user180,password180,librarian,
user181,password181,member,
user182,password182,member,
user183,password183,member,
user184,password184,member,
user185,password185,member,
user186,password186,member,
user187,password187,member,
user188,password188,member,
user189,password189,member,
user190,password190,librarian,
user191,password191,member,
user192,password192,member,
user193,password193,member,
user194,password194,member,
user195,password195,member,
user196,password196,member,
user197,password197,member,
user198,password198,member,
user199,password199,member,
user200,password200,librarian,
user201,password201,member,
user202,password202,member,
user203,password203,member,
user204,password204,member,
user205,password205,member,
user206,password206,member,
user207,password207,member,
user208,password208,member,
user209,password209,member,
user210,password210,librarian,
user211,password211,member,
user212,password212,member,
user213,password213,member,
user214,password214,member,
user215,password215,member,
user216,password216,member,
user217,password217,member,
user218,password218,member,
user219,password219,member,
user220,password220,librarian,
user221,password221,member,
user222,password222,member,
user223,password223,member,
user224,password224,member,
user225,password225,member,
user226,password226,member,
user227,password227,member,
user228,password228,member,
user229,password229,member,
user230,password230,librarian,
user231,password231,member,
user232,password232,member,
user233,password233,member,
user234,password234,member,
user235,password235,member,
user236,password236,member,
user237,password237,member,
user238,password238,member,
user239,password239,member,
user240,password240,librarian,
user241,password241,member,
user242,password242,member,
user243,password243,member,
user244,password244,member,
user245,password245,member,
user246,password246,member,
user247,password247,member,
user248,password248,member,
user249,password249,member,
user250,password250,librarian,
user251,password251,member,
user252,password252,member,
user253,password253,member,
user254,password254,member,
user255,password255,member,
user256,password256,member,
user257,password257,member,
user258,password258,member,
user259,password259,member,
user260,password260,librarian,
user261,password261,member,
user262,password262,member,
user263,password263,member,
user264,password264,member,
user265,password265,member,
user266,password266,member,
user267,password267,member,
user268,password268,member,
user269,password269,member,
user270,password270,librarian,
user271,password271,member,
user272,password272,member,
user273,password273,member,
user274,password274,member,
user275,password275,member,
user276,password276,member,
user277,password277,member,
user278,password278,member,
user279,password279,member,
user280,password280,librarian,
user281,password281,member,
user282,password282,member,
user283,password283,member,
user284,password284,member,
user285,password285,member,
user286,password286,member,
user287,password287,member,
user288,password288,member,
user289,password289,member,
user290,password290,librarian,
user291,password291,member,
user292,password292,member,
user293,password293,member,
user294,password294,member,
user295,password295,member,
user296,password296,member,
user297,password297,member,
user298,password298,member,
user299,password299,member,
user300,password300,librarian,
user301,password301,member,
user302,password302,member,
user303,password303,member,
user304,password304,member,
user305,password305,member,
user306,password306,member,
user307,password307,member,
user308,password308,member,
user309,password309,member,
user310,password310,librarian,
user311,password311,member,
user312,password312,member,
user313,password313,member,
user314,password314,member,
user315,password315,member,
user316,password316,member,
user317,password317,member,
user318,password318,member,
user319,password319,member,
user320,password320,librarian,
user321,password321,member,
user322,password322,member,
user323,password323,member,
user324,password324,member,
user325,password325,member,
user326,password326,member,
user327,password327,member,
user328,password328,member,
user329,password329,member,
user330,password330,librarian,
user331,password331,member,
user332,password332,member,
user333,password333,member,
user334,password334,member,
user335,password335,member,
user336,password336,member,
user337,password337,member,
user338,password338,member,
user339,password339,member,
user340,password340,librarian,
user341,password341,member,
user342,password342,member,
user343,password343,member,
user344,password344,member,
user345,password345,member,
user346,password346,member,
user347,password347,member,
user348,password348,member,
user349,password349,member,
user350,password350,librarian,
user351,password351,member,
user352,password352,member,
user353,password353,member,
user354,password354,member,
user355,password355,member,
user356,password356,member,
user357,password357,member,
user358,password358,member,
user359,password359,member,
user360,password360,librarian,
user361,password361,member,
user362,password362,member,
user363,password363,member,
user364,password364,member,
user365,password365,member,
user366,password366,member,
user367,password367,member,
user368,password368,member,
user369,password369,member,
user370,password370,librarian,
user371,password371,member,
user372,password372,member,
user373,password373,member,
user374,password374,member,
user375,password375,member,
user376,password376,member,
user377,password377,member,
user378,password378,member,
user379,password379,member,
user380,password380,librarian,
user381,password381,member,
user382,password382,member,
user383,password383,member,
user384,password384,member,
user385,password385,member,
user386,password386,member,
user387,password387,member,
user388,password388,member,
user389,password389,member,
user390,password390,librarian,
user391,password391,member,
user392,password392,member,
user393,password393,member,
user394,password394,member,
user395,password395,member,
user396,password396,member,
user397,password397,member,
user398,password398,member,
user399,password399,member,
user400,password400,librarian,
user401,password401,member,
user402,password402,member,
user403,password403,member,
user404,password404,member,
user405,password405,member,
user406,password406,member,
user407,password407,member,
user408,password408,member,
user409,password409,member,
user410,password410,librarian,
user411,password411,member,
user412,password412,member,
user413,password413,member,
user414,password414,member,
user415,password415,member,
user416,password416,member,
user417,password417,member,
user418,password418,member,
user419,password419,member,
user420,password420,librarian,
user421,password421,member,
user422,password422,member,
user423,password423,member,
user424,password424,member,
user425,password425,member,
user426,password426,member,
user427,password427,member,
user428,password428,member,
user429,password429,member,
user430,password430,librarian,
user431,password431,member,
user432,password432,member,
user433,password433,member,
user434,password434,member,
user435,password435,member,
user436,password436,member,
user437,password437,member,
user438,password438,member,
user439,password439,member,
user440,password440,librarian,
user441,password441,member,
user442,password442,member,
user443,password443,member,
user444,password444,member,
user445,password445,member,
user446,password446,member,
user447,password447,member,
user448,password448,member,
user449,password449,member,
user450,password450,librarian,
user451,password451,member,
user452,password452,member,
user453,password453,member,
user454,password454,member,
user455,password455,member,
user456,password456,member,
user457,password457,member,
user458,password458,member,
user459,password459,member,
user460,password460,librarian,
user461,password461,member,
user462,password462,member,
user463,password463,member,
user464,password464,member,
user465,password465,member,
user466,password466,member,
user467,password467,member,
user468,password468,member,
user469,password469,member,
user470,password470,librarian,
user471,password471,member,
user472,password472,member,
user473,password473,member,
user474,password474,member,
user475,password475,member,
user476,password476,member,
user477,password477,member,
user478,password478,member,
user479,password479,member,
user480,password480,librarian,
user481,password481,member,
user482,password482,member,
user483,password483,member,
user484,password484,member,
user485,password485,member,
user486,password486,member,
user487,password487,member,
user488,password488,member,
user489,password489,member,
user490,password490,librarian,
user491,password491,member,
user492,password492,member,
user493,password493,member,
user494,password494,member,
user495,password495,member,
user496,password496,member,
user497,password497,member,
user498,password498,member,
user499,password499,member,
user500,password500,librarian,
user501,password501,member,
user502,password502,member,
user503,password503,member,
user504,password504,member,
user505,password505,member,
user506,password506,member,
user507,password507,member,
user508,password508,member,
user509,password509,member,
user510,password510,librarian,
user511,password511,member,
user512,password512,member,
user513,password513,member,
user514,password514,member,
user515,password515,member,
user516,password516,member,
user517,password517,member,
user518,password518,member,
user519,password519,member,
user520,password520,librarian,
user521,password521,member,
user522,password522,member,
user523,password523,member,
user524,password524,member,
user525,password525,member,
user526,password526,member,
user527,password527,member,
user528,password528,member,
user529,password529,member,
user530,password530,librarian,
user531,password531,member,
user532,password532,member,
user533,password533,member,
user534,password534,member,
user535,password535,member,
user536,password536,member,
user537,password537,member,
user538,password538,member,
user539,password539,member,
user540,password540,librarian,
user541,password541,member,
user542,password542,member,
user543,password543,member,
user544,password544,member,
user545,password545,member,
user546,password546,member,
user547,password547,member,
user548,password548,member,
user549,password549,member,
user550,password550,librarian,
user551,password551,member,
user552,password552,member,
user553,password553,member,
user554,password554,member,
user555,password555,member,
user556,password556,member,
user557,password557,member,
user558,password558,member,
user559,password559,member,
user560,password560,librarian,
user561,password561,member,
user562,password562,member,
user563,password563,member,
user564,password564,member,
user565,password565,member,
user566,password566,member,
user567,password567,member,
user568,password568,member,
user569,password569,member,
user570,password570,librarian,
user571,password571,member,
user572,password572,member,
user573,password573,member,
user574,password574,member,
user575,password575,member,
user576,password576,member,
user577,password577,member,
user578,password578,member,
user579,password579,member,
user580,password580,librarian,
user581,password581,member,
user582,password582,member,
user583,password583,member,
user584,password584,member,
user585,password585,member,
user586,password586,member,
user587,password587,member,
user588,password588,member,
user589,password589,member,
user590,password590,librarian,
user591,password591,member,
user592,password592,member,
user593,password593,member,
user594,password594,member,
user595,password595,member,
user596,password596,member,
user597,password597,member,
user598,password598,member,
user599,password599,member,
user600,password600,librarian,
user601,password601,member,
user602,password602,member,
user603,password603,member,
user604,password604,member,
user605,password605,member,
user606,password606,member,
user607,password607,member,
user608,password608,member,
user609,password609,member,
user610,password610,librarian,
user611,password611,member,
user612,password612,member,
user613,password613,member,
user614,password614,member,
user615,password615,member,
user616,password616,member,
user617,password617,member,
user618,password618,member,
user619,password619,member,
user620,password620,librarian,
user621,password621,member,
user622,password622,member,
user623,password623,member,
user624,password624,member,
user625,password625,member,
user626,password626,member,
user627,password627,member,
user628,password628,member,
user629,password629,member,
user630,password630,librarian,
user631,password631,member,
user632,password632,member,
user633,password633,member,
user634,password634,member,
user635,password635,member,
user636,password636,member,
user637,password637,member,
user638,password638,member,
user639,password639,member,
user640,password640,librarian,
user641,password641,member,
user642,password642,member,
user643,password643,member,
user644,password644,member,
user645,password645,member,
user646,password646,member,
user647,password647,member,
user648,password648,member,
user649,password649,member,
user650,password650,librarian,
user651,password651,member,
user652,password652,member,
user653,password653,member,
user654,password654,member,
user655,password655,member,
user656,password656,member,
user657,password657,member,
user658,password658,member,
user659,password659,member,
user660,password660,librarian,
user661,password661,member,
user662,password662,member,
user663,password663,member,
user664,password664,member,
user665,password665,member,
user666,password666,member,
user667,password667,member,
user668,password668,member,
user669,password669,member,
user670,password670,librarian,
user671,password671,member,
user672,password672,member,
user673,password673,member,
user674,password674,member,
user675,password675,member,
user676,password676,member,
user677,password677,member,
user678,password678,member,
user679,password679,member,
user680,password680,librarian,
user681,password681,member,
user682,password682,member,
user683,password683,member,
user684,password684,member,
user685,password685,member,
user686,password686,member,
user687,password687,member,
user688,password688,member,
user689,password689,member,
user690,password690,librarian,
user691,password691,member,
user692,password692,member,
user693,password693,member,
user694,password694,member,
user695,password695,member,
user696,password696,member,
user697,password697,member,
user698,password698,member,
user699,password699,member,
user700,password700,librarian,
user701,password701,member,
user702,password702,member,
user703,password703,member,
user704,password704,member,
user705,password705,member,
user706,password706,member,
user707,password707,member,
user708,password708,member,
user709,password709,member,
user710,password710,librarian,
user711,password711,member,
user712,password712,member,
user713,password713,member,
user714,password714,member,
user715,password715,member,
user716,password716,member,
user717,password717,member,
user718,password718,member,
user719,password719,member,
user720,password720,librarian,
user721,password721,member,
user722,password722,member,
user723,password723,member,
user724,password724,member,
user725,password725,member,
user726,password726,member,
user727,password727,member,
user728,password728,member,
user729,password729,member,
user730,password730,librarian,
user731,password731,member,
user732,password732,member,
user733,password733,member,
user734,password734,member,
user735,password735,member,
user736,password736,member,
user737,password737,member,
user738,password738,member,
user739,password739,member,
user740,password740,librarian,
user741,password741,member,
user742,password742,member,
user743,password743,member,
user744,password744,member,
user745,password745,member,
user746,password746,member,
user747,password747,member,
user748,password748,member,
user749,password749,member,
user750,password750,librarian,
user751,password751,member,
user752,password752,member,
user753,password753,member,
user754,password754,member,
user755,password755,member,
user756,password756,member,
user757,password757,member,
user758,password758,member,
user759,password759,member,
user760,password760,librarian,
user761,password761,member,
user762,password762,member,
user763,password763,member,
user764,password764,member,
user765,password765,member,
user766,password766,member,
user767,password767,member,
user768,password768,member,
user769,password769,member,
user770,password770,librarian,
user771,password771,member,
user772,password772,member,
user773,password773,member,
user774,password774,member,
user775,password775,member,
user776,password776,member,
user777,password777,member,
user778,password778,member,
user779,password779,member,
user780,password780,librarian,
user781,password781,member,
user782,password782,member,
user783,password783,member,
user784,password784,member,
user785,password785,member,
user786,password786,member,
user787,password787,member,
user788,password788,member,
user789,password789,member,
user790,password790,librarian,
user791,password791,member,
user792,password792,member,
user793,password793,member,
user794,password794,member,
user795,password795,member,
user796,password796,member,
user797,password797,member,
user798,password798,member,
user799,password799,member,
user800,password800,librarian,
user801,password801,member,
user802,password802,member,
user803,password803,member,
user804,password804,member,
user805,password805,member,
user806,password806,member,
user807,password807,member,
user808,password808,member,
user809,password809,member,
user810,password810,librarian,
user811,password811,member,
user812,password812,member,
user813,password813,member,
user814,password814,member,
user815,password815,member,
user816,password816,member,
user817,password817,member,
user818,password818,member,
user819,password819,member,
user820,password820,librarian,
user821,password821,member,
user822,password822,member,
user823,password823,member,
user824,password824,member,
user825,password825,member,
user826,password826,member,
user827,password827,member,
user828,password828,member,
user829,password829,member,
user830,password830,librarian,
user831,password831,member,
user832,password832,member,
user833,password833,member,
user834,password834,member,
user835,password835,member,
user836,password836,member,
user837,password837,member,
user838,password838,member,
user839,password839,member,
user840,password840,librarian,
user841,password841,member,
user842,password842,member,
user843,password843,member,
user844,password844,member,
user845,password845,member,
user846,password846,member,
user847,password847,member,
user848,password848,member,
user849,password849,member,
user850,password850,librarian,
user851,password851,member,
user852,password852,member,
user853,password853,member,
user854,password854,member,
user855,password855,member,
user856,password856,member,
user857,password857,member,
user858,password858,member,
user859,password859,member,
user860,password860,librarian,
user861,password861,member,
user862,password862,member,
user863,password863,member,
user864,password864,member,
user865,password865,member,
user866,password866,member,
user867,password867,member,
user868,password868,member,
user869,password869,member,
user870,password870,librarian,
user871,password871,member,
user872,password872,member,
user873,password873,member,
user874,password874,member,
user875,password875,member,
user876,password876,member,
user877,password877,member,
user878,password878,member,
user879,password879,member,
user880,password880,librarian,
user881,password881,member,
user882,password882,member,
user883,password883,member,
user884,password884,member,
user885,password885,member,
user886,password886,member,
user887,password887,member,
user888,password888,member,
user889,password889,member,
user890,password890,librarian,
user891,password891,member,
user892,password892,member,
user893,password893,member,
user894,password894,member,
user895,password895,member,
user896,password896,member,
user897,password897,member,
user898,password898,member,
user899,password899,member,
user900,password900,librarian,
user901,password901,member,
user902,password902,member,
user903,password903,member,
user904,password904,member,
user905,password905,member,
user906,password906,member,
user907,password907,member,
user908,password908,member,
user909,password909,member,
user910,password910,librarian,
user911,password911,member,
user912,password912,member,
user913,password913,member,
user914,password914,member,
user915,password915,member,
user916,password916,member,
user917,password917,member,
user918,password918,member,
user919,password919,member,
user920,password920,librarian,
user921,password921,member,
user922,password922,member,
user923,password923,member,
user924,password924,member,
user925,password925,member,
user926,password926,member,
user927,password927,member,
user928,password928,member,
user929,password929,member,
user930,password930,librarian,
user931,password931,member,
user932,password932,member,
user933,password933,member,
user934,password934,member,
user935,password935,member,
user936,password936,member,
user937,password937,member,
user938,password938,member,
user939,password939,member,
user940,password940,librarian,
user941,password941,member,
user942,password942,member,
user943,password943,member,
user944,password944,member,
user945,password945,member,
user946,password946,member,
user947,password947,member,
user948,password948,member,
user949,password949,member,
user950,password950,librarian,
user951,password951,member,
user952,password952,member,
user953,password953,member,
user954,password954,member,
user955,password955,member,
user956,password956,member,
user957,password957,member,
user958,password958,member,
user959,password959,member,
user960,password960,librarian,
user961,password961,member,
user962,password962,member,
user963,password963,member,
user964,password964,member,
user965,password965,member,
user966,password966,member,
user967,password967,member,
user968,password968,member,
user969,password969,member,
user970,password970,librarian,
user971,password971,member,
user972,password972,member,
user973,password973,member,
user974,password974,member,
user975,password975,member,
user976,password976,member,
user977,password977,member,
user978,password978,member,
user979,password979,member,
user980,password980,librarian,
user981,password981,member,
user982,password982,member,
user983,password983,member,
user984,password984,member,
user985,password985,member,
user986,password986,member,
user987,password987,member,
user988,password988,member,
user989,password989,member,
user990,password990,librarian,
user991,password991,member,
user992,password992,member,
user993,password993,member,
user994,password994,member,
user995,password995,member,
user996,password996,member,
user997,password997,member,
user998,password998,member,
user999,password999,member,
user1000,password1000,librarian,
